Compound::DB00514	CbG	Gene::1136
Compound::DB00686	CbG	Gene::2246
Compound::DB00786	CbG	Gene::4317
Compound::DB01209	CbG	Gene::4988
Compound::DB01588	CbG	Gene::2560
Compound::DB00175	CbG	Gene::1577
Compound::DB00813	CbG	Gene::100861540
Compound::DB00869	CbG	Gene::765
Compound::DB00172	CbG	Gene::11212
Compound::DB01250	CbG	Gene::240
Compound::DB00313	CbG	Gene::5742
Compound::DB00217	CbG	Gene::3758
Compound::DB06262	CbG	Gene::6530
Compound::DB01115	CbG	Gene::8912
Compound::DB00213	CbG	Gene::1544
Compound::DB00203	CbG	Gene::1576
Compound::DB00150	CbG	Gene::10352
Compound::DB00909	CbG	Gene::6328
Compound::DB00847	CbG	Gene::4887
Compound::DB00451	CbG	Gene::353189
Compound::DB00575	CbG	Gene::148
Compound::DB01218	CbG	Gene::1558
Compound::DB06716	CbG	Gene::213
Compound::DB01364	CbG	Gene::6571
Compound::DB01559	CbG	Gene::2561
Compound::DB00502	CbG	Gene::1815
Compound::DB00715	CbG	Gene::1132
Compound::DB01133	CbG	Gene::5770
Compound::DB00390	CbG	Gene::480
Compound::DB01086	CbG	Gene::6332
Compound::DB00334	CbG	Gene::147
Compound::DB00975	CbG	Gene::5147
Compound::DB01332	CbG	Gene::6564
Compound::DB00786	CbG	Gene::4316
Compound::DB00381	CbG	Gene::1558
Compound::DB00536	CbG	Gene::9132
Compound::DB01065	CbG	Gene::1588
Compound::DB00594	CbG	Gene::6339
Compound::DB00194	CbG	Gene::135
Compound::DB01236	CbG	Gene::2559
Compound::DB00907	CbG	Gene::6336
Compound::DB00289	CbG	Gene::6532
Compound::DB00619	CbG	Gene::147746
Compound::DB00323	CbG	Gene::1312
Compound::DB00568	CbG	Gene::8913
Compound::DB00655	CbG	Gene::1559
Compound::DB01123	CbG	Gene::2147
Compound::DB01032	CbG	Gene::56606
Compound::DB00316	CbG	Gene::1268
Compound::DB01233	CbG	Gene::1585
Compound::DB04855	CbG	Gene::5243
Compound::DB00917	CbG	Gene::1583
Compound::DB04877	CbG	Gene::5243
Compound::DB08877	CbG	Gene::659
Compound::DB06287	CbG	Gene::2280
Compound::DB00215	CbG	Gene::1128
Compound::DB01144	CbG	Gene::768
Compound::DB00115	CbG	Gene::166785
Compound::DB01268	CbG	Gene::11329
Compound::DB00327	CbG	Gene::1559
Compound::DB01015	CbG	Gene::54600
Compound::DB00673	CbG	Gene::100861540
Compound::DB01296	CbG	Gene::7124
Compound::DB06616	CbG	Gene::11200
Compound::DB00738	CbG	Gene::1565
Compound::DB00440	CbG	Gene::5243
Compound::DB01151	CbG	Gene::3358
Compound::DB01110	CbG	Gene::10242
Compound::DB00703	CbG	Gene::1571
Compound::DB00300	CbG	Gene::1544
Compound::DB00751	CbG	Gene::5243
Compound::DB01254	CbG	Gene::695
Compound::DB00492	CbG	Gene::1636
Compound::DB00404	CbG	Gene::2562
Compound::DB01242	CbG	Gene::1576
Compound::DB00233	CbG	Gene::4353
Compound::DB08795	CbG	Gene::6564
Compound::DB00255	CbG	Gene::1548
Compound::DB01087	CbG	Gene::1543
Compound::DB00471	CbG	Gene::5742
Compound::DB00371	CbG	Gene::1557
Compound::DB00130	CbG	Gene::343641
Compound::DB00619	CbG	Gene::759
Compound::DB00915	CbG	Gene::6582
Compound::DB00334	CbG	Gene::3362
Compound::DB00583	CbG	Gene::1384
Compound::DB04842	CbG	Gene::153
Compound::DB01173	CbG	Gene::116443
Compound::DB01149	CbG	Gene::147
Compound::DB00669	CbG	Gene::9429
Compound::DB00570	CbG	Gene::10382
Compound::DB00228	CbG	Gene::1571
Compound::DB01576	CbG	Gene::147
Compound::DB00537	CbG	Gene::1551
Compound::DB00723	CbG	Gene::148
Compound::DB00471	CbG	Gene::240
Compound::DB01198	CbG	Gene::1571
Compound::DB00917	CbG	Gene::1544
Compound::DB00917	CbG	Gene::9376
Compound::DB00975	CbG	Gene::5138
Compound::DB01248	CbG	Gene::28234
Compound::DB00983	CbG	Gene::1557
Compound::DB00867	CbG	Gene::5226
Compound::DB00549	CbG	Gene::1557
Compound::DB00093	CbG	Gene::552
Compound::DB01094	CbG	Gene::1545
Compound::DB01594	CbG	Gene::200959
Compound::DB00794	CbG	Gene::1555
Compound::DB01131	CbG	Gene::1559
Compound::DB01075	CbG	Gene::1129
Compound::DB09028	CbG	Gene::1139
Compound::DB01088	CbG	Gene::5142
Compound::DB00279	CbG	Gene::6554
Compound::DB00753	CbG	Gene::1571
Compound::DB06616	CbG	Gene::7301
Compound::DB01544	CbG	Gene::1576
Compound::DB01029	CbG	Gene::1576
Compound::DB00123	CbG	Gene::6545
Compound::DB00273	CbG	Gene::765
Compound::DB01628	CbG	Gene::1559
Compound::DB00540	CbG	Gene::3350
Compound::DB00458	CbG	Gene::1544
Compound::DB00835	CbG	Gene::1132
Compound::DB01108	CbG	Gene::3284
Compound::DB04861	CbG	Gene::3350
Compound::DB08828	CbG	Gene::5004
Compound::DB00624	CbG	Gene::1588
Compound::DB00921	CbG	Gene::1558
Compound::DB01254	CbG	Gene::2048
Compound::DB00154	CbG	Gene::5742
Compound::DB00145	CbG	Gene::92292
Compound::DB00158	CbG	Gene::8714
Compound::DB06616	CbG	Gene::25
Compound::DB00405	CbG	Gene::3757
Compound::DB00997	CbG	Gene::1555
Compound::DB00651	CbG	Gene::5144
Compound::DB00738	CbG	Gene::6285
Compound::DB00583	CbG	Gene::54677
Compound::DB00567	CbG	Gene::6564
Compound::DB00536	CbG	Gene::6584
Compound::DB01248	CbG	Gene::10864
Compound::DB00530	CbG	Gene::80122
Compound::DB00608	CbG	Gene::1577
Compound::DB08804	CbG	Gene::1588
Compound::DB00278	CbG	Gene::2147
Compound::DB08834	CbG	Gene::6579
Compound::DB00332	CbG	Gene::1131
Compound::DB06616	CbG	Gene::659
Compound::DB01229	CbG	Gene::596
Compound::DB00289	CbG	Gene::1576
Compound::DB01186	CbG	Gene::148
Compound::DB01045	CbG	Gene::8647
Compound::DB01223	CbG	Gene::1544
Compound::DB00988	CbG	Gene::3350
Compound::DB00289	CbG	Gene::3356
Compound::DB00619	CbG	Gene::761
Compound::DB06148	CbG	Gene::6532
Compound::DB01238	CbG	Gene::1565
Compound::DB01327	CbG	Gene::213
Compound::DB06795	CbG	Gene::765
Compound::DB00420	CbG	Gene::1576
Compound::DB06589	CbG	Gene::9429
Compound::DB00945	CbG	Gene::5743
Compound::DB01037	CbG	Gene::1555
Compound::DB08873	CbG	Gene::1577
Compound::DB04855	CbG	Gene::3757
Compound::DB00543	CbG	Gene::1128
Compound::DB00726	CbG	Gene::5243
Compound::DB08981	CbG	Gene::5743
Compound::DB06589	CbG	Gene::1544
Compound::DB08865	CbG	Gene::7294
Compound::DB00774	CbG	Gene::768
Compound::DB00647	CbG	Gene::4986
Compound::DB00356	CbG	Gene::1544
Compound::DB04946	CbG	Gene::1815
Compound::DB00586	CbG	Gene::4363
Compound::DB00748	CbG	Gene::1558
Compound::DB00458	CbG	Gene::1133
Compound::DB06616	CbG	Gene::1436
Compound::DB05294	CbG	Gene::558
Compound::DB01076	CbG	Gene::28234
Compound::DB01151	CbG	Gene::154
Compound::DB04868	CbG	Gene::23632
Compound::DB00882	CbG	Gene::1588
Compound::DB01136	CbG	Gene::7498
Compound::DB01085	CbG	Gene::1128
Compound::DB01065	CbG	Gene::805
Compound::DB00160	CbG	Gene::57505
Compound::DB01621	CbG	Gene::1812
Compound::DB00908	CbG	Gene::1544
Compound::DB00270	CbG	Gene::779
Compound::DB00908	CbG	Gene::1129
Compound::DB01236	CbG	Gene::338567
Compound::DB00196	CbG	Gene::5243
Compound::DB00451	CbG	Gene::6579
Compound::DB08865	CbG	Gene::285220
Compound::DB00604	CbG	Gene::1548
Compound::DB00753	CbG	Gene::2561
Compound::DB00801	CbG	Gene::2569
Compound::DB01280	CbG	Gene::1716
Compound::DB00620	CbG	Gene::5743
Compound::DB00679	CbG	Gene::3358
Compound::DB01100	CbG	Gene::1571
Compound::DB00909	CbG	Gene::377677
Compound::DB00398	CbG	Gene::5894
Compound::DB00935	CbG	Gene::151
Compound::DB04855	CbG	Gene::1565
Compound::DB01110	CbG	Gene::3778
Compound::DB00145	CbG	Gene::140679
Compound::DB00619	CbG	Gene::55244
Compound::DB00523	CbG	Gene::6258
Compound::DB01567	CbG	Gene::2564
Compound::DB00214	CbG	Gene::1557
Compound::DB00497	CbG	Gene::1565
Compound::DB00182	CbG	Gene::6531
Compound::DB00304	CbG	Gene::2099
Compound::DB00189	CbG	Gene::2566
Compound::DB00502	CbG	Gene::1543
Compound::DB00149	CbG	Gene::587
Compound::DB00883	CbG	Gene::1571
Compound::DB00977	CbG	Gene::1555
Compound::DB00585	CbG	Gene::590
Compound::DB01251	CbG	Gene::3767
Compound::DB01028	CbG	Gene::2741
Compound::DB00276	CbG	Gene::7153
Compound::DB00145	CbG	Gene::2905
Compound::DB00259	CbG	Gene::766
Compound::DB00973	CbG	Gene::6646
Compound::DB00842	CbG	Gene::2562
Compound::DB00604	CbG	Gene::1576
Compound::DB08889	CbG	Gene::5693
Compound::DB05294	CbG	Gene::8767
Compound::DB00624	CbG	Gene::64816
Compound::DB06414	CbG	Gene::1559
Compound::DB00367	CbG	Gene::367
Compound::DB00784	CbG	Gene::1645
Compound::DB00334	CbG	Gene::3005
Compound::DB06708	CbG	Gene::1565
Compound::DB00650	CbG	Gene::10257
Compound::DB01058	CbG	Gene::1577
Compound::DB00398	CbG	Gene::147746
Compound::DB01100	CbG	Gene::3350
Compound::DB00839	CbG	Gene::3767
Compound::DB00248	CbG	Gene::1576
Compound::DB00927	CbG	Gene::1557
Compound::DB00829	CbG	Gene::1577
Compound::DB00281	CbG	Gene::1555
Compound::DB00935	CbG	Gene::147
Compound::DB01244	CbG	Gene::1565
Compound::DB06712	CbG	Gene::55799
Compound::DB06637	CbG	Gene::3790
Compound::DB06707	CbG	Gene::151
Compound::DB01440	CbG	Gene::6566
Compound::DB00673	CbG	Gene::1576
Compound::DB00381	CbG	Gene::775
Compound::DB00170	CbG	Gene::1548
Compound::DB00949	CbG	Gene::116443
Compound::DB00468	CbG	Gene::1551
Compound::DB01199	CbG	Gene::43
Compound::DB01021	CbG	Gene::766
Compound::DB01589	CbG	Gene::2562
Compound::DB00861	CbG	Gene::5743
Compound::DB01022	CbG	Gene::632
Compound::DB00796	CbG	Gene::1559
Compound::DB00213	CbG	Gene::9429
Compound::DB00607	CbG	Gene::9356
Compound::DB01075	CbG	Gene::1544
Compound::DB00909	CbG	Gene::316
Compound::DB00514	CbG	Gene::10280
Compound::DB00139	CbG	Gene::5019
Compound::DB00675	CbG	Gene::1558
Compound::DB00665	CbG	Gene::1558
Compound::DB00468	CbG	Gene::1577
Compound::DB01118	CbG	Gene::1548
Compound::DB00169	CbG	Gene::1583
Compound::DB06207	CbG	Gene::146
Compound::DB00523	CbG	Gene::5243
Compound::DB01030	CbG	Gene::5243
Compound::DB00151	CbG	Gene::4255
Compound::DB00884	CbG	Gene::5743
Compound::DB05812	CbG	Gene::6822
Compound::DB06795	CbG	Gene::771
Compound::DB00608	CbG	Gene::2939
Compound::DB01053	CbG	Gene::6584
Compound::DB00624	CbG	Gene::1557
Compound::DB00328	CbG	Gene::145482
Compound::DB01173	CbG	Gene::1576
Compound::DB08802	CbG	Gene::3269
Compound::DB01059	CbG	Gene::9356
Compound::DB00688	CbG	Gene::7364
Compound::DB00661	CbG	Gene::775
Compound::DB00899	CbG	Gene::4986
Compound::DB00661	CbG	Gene::8912
Compound::DB01014	CbG	Gene::5468
Compound::DB01008	CbG	Gene::4258
Compound::DB00668	CbG	Gene::5053
Compound::DB01075	CbG	Gene::1565
Compound::DB01420	CbG	Gene::1312
Compound::DB00675	CbG	Gene::1244
Compound::DB00645	CbG	Gene::6336
Compound::DB00468	CbG	Gene::1558
Compound::DB00353	CbG	Gene::3356
Compound::DB00332	CbG	Gene::1576
Compound::DB01254	CbG	Gene::9088
Compound::DB00818	CbG	Gene::1576
Compound::DB00709	CbG	Gene::4363
Compound::DB00887	CbG	Gene::6579
Compound::DB00422	CbG	Gene::6530
Compound::DB00333	CbG	Gene::3359
Compound::DB00882	CbG	Gene::3757
Compound::DB00130	CbG	Gene::5471
Compound::DB01238	CbG	Gene::1812
Compound::DB00490	CbG	Gene::3350
Compound::DB00949	CbG	Gene::1576
Compound::DB00328	CbG	Gene::5743
Compound::DB01254	CbG	Gene::7294
Compound::DB04894	CbG	Gene::6752
Compound::DB00511	CbG	Gene::476
Compound::DB06770	CbG	Gene::217
Compound::DB00841	CbG	Gene::154
Compound::DB00517	CbG	Gene::1129
Compound::DB01118	CbG	Gene::7068
Compound::DB06770	CbG	Gene::1576
Compound::DB00144	CbG	Gene::8527
Compound::DB00567	CbG	Gene::9356
Compound::DB08911	CbG	Gene::5604
Compound::DB00477	CbG	Gene::1816
Compound::DB00726	CbG	Gene::6530
Compound::DB08868	CbG	Gene::66002
Compound::DB00880	CbG	Gene::762
Compound::DB06716	CbG	Gene::2556
Compound::DB08877	CbG	Gene::5581
Compound::DB00371	CbG	Gene::2558
Compound::DB06144	CbG	Gene::3362
Compound::DB00321	CbG	Gene::3736
Compound::DB00443	CbG	Gene::1576
Compound::DB00133	CbG	Gene::875
Compound::DB00741	CbG	Gene::1584
Compound::DB00567	CbG	Gene::9376
Compound::DB00328	CbG	Gene::5243
Compound::DB01086	CbG	Gene::11280
Compound::DB01098	CbG	Gene::1577
Compound::DB00119	CbG	Gene::9123
Compound::DB00690	CbG	Gene::2563
Compound::DB00224	CbG	Gene::4363
Compound::DB00674	CbG	Gene::1576
Compound::DB00697	CbG	Gene::1544
Compound::DB00842	CbG	Gene::200959
Compound::DB00860	CbG	Gene::1548
Compound::DB00589	CbG	Gene::1814
Compound::DB00786	CbG	Gene::102
Compound::DB01559	CbG	Gene::2569
Compound::DB00808	CbG	Gene::771
Compound::DB00543	CbG	Gene::3357
Compound::DB08916	CbG	Gene::1956
Compound::DB06689	CbG	Gene::1571
Compound::DB00286	CbG	Gene::123264
Compound::DB01160	CbG	Gene::27306
Compound::DB00554	CbG	Gene::1558
Compound::DB01320	CbG	Gene::1557
Compound::DB00444	CbG	Gene::368
Compound::DB00998	CbG	Gene::3350
Compound::DB00167	CbG	Gene::3376
Compound::DB00455	CbG	Gene::3757
Compound::DB01142	CbG	Gene::3362
Compound::DB00694	CbG	Gene::9429
Compound::DB01036	CbG	Gene::1132
Compound::DB00783	CbG	Gene::1576
Compound::DB01158	CbG	Gene::476
Compound::DB00908	CbG	Gene::6326
Compound::DB00731	CbG	Gene::5468
Compound::DB00171	CbG	Gene::27
Compound::DB01058	CbG	Gene::1576
Compound::DB00456	CbG	Gene::9376
Compound::DB00860	CbG	Gene::866
Compound::DB00794	CbG	Gene::89832
Compound::DB01333	CbG	Gene::6564
Compound::DB00170	CbG	Gene::5627
Compound::DB00962	CbG	Gene::1576
Compound::DB06616	CbG	Gene::6789
Compound::DB01016	CbG	Gene::10060
Compound::DB00246	CbG	Gene::3757
Compound::DB01411	CbG	Gene::10800
Compound::DB00742	CbG	Gene::5243
Compound::DB00715	CbG	Gene::5243
Compound::DB00257	CbG	Gene::100861540
Compound::DB00583	CbG	Gene::123096
Compound::DB01166	CbG	Gene::1551
Compound::DB00155	CbG	Gene::11240
Compound::DB06702	CbG	Gene::1132
Compound::DB01412	CbG	Gene::134
Compound::DB00502	CbG	Gene::3005
Compound::DB08810	CbG	Gene::3356
Compound::DB00241	CbG	Gene::1139
Compound::DB00907	CbG	Gene::1558
Compound::DB00118	CbG	Gene::4144
Compound::DB00237	CbG	Gene::1137
Compound::DB01050	CbG	Gene::5743
Compound::DB00131	CbG	Gene::107
Compound::DB00967	CbG	Gene::1559
Compound::DB00614	CbG	Gene::4128
Compound::DB00917	CbG	Gene::27306
Compound::DB00668	CbG	Gene::6582
Compound::DB00734	CbG	Gene::3357
Compound::DB01594	CbG	Gene::2563
Compound::DB00917	CbG	Gene::5734
Compound::DB00172	CbG	Gene::65263
Compound::DB00671	CbG	Gene::6564
Compound::DB00530	CbG	Gene::8711
Compound::DB00706	CbG	Gene::3350
Compound::DB00758	CbG	Gene::64805
Compound::DB01207	CbG	Gene::6916
Compound::DB00316	CbG	Gene::1543
Compound::DB01017	CbG	Gene::240
Compound::DB00759	CbG	Gene::1576
Compound::DB00625	CbG	Gene::1559
Compound::DB01577	CbG	Gene::134864
Compound::DB01590	CbG	Gene::2475
Compound::DB00163	CbG	Gene::1728
Compound::DB00641	CbG	Gene::1565
Compound::DB01224	CbG	Gene::1576
Compound::DB01624	CbG	Gene::1816
Compound::DB00294	CbG	Gene::5241
Compound::DB00625	CbG	Gene::1576
Compound::DB00474	CbG	Gene::2562
Compound::DB00858	CbG	Gene::6462
Compound::DB06210	CbG	Gene::10599
Compound::DB00624	CbG	Gene::1555
Compound::DB00653	CbG	Gene::781
Compound::DB00247	CbG	Gene::3357
Compound::DB00865	CbG	Gene::6531
Compound::DB00209	CbG	Gene::1129
Compound::DB01074	CbG	Gene::1374
Compound::DB00334	CbG	Gene::1816
Compound::DB00696	CbG	Gene::150
Compound::DB00398	CbG	Gene::51265
Compound::DB00133	CbG	Gene::9517
Compound::DB01223	CbG	Gene::1571
Compound::DB00122	CbG	Gene::5130
Compound::DB00863	CbG	Gene::5243
Compound::DB01361	CbG	Gene::5243
Compound::DB06218	CbG	Gene::6328
Compound::DB00391	CbG	Gene::760
Compound::DB00273	CbG	Gene::766
Compound::DB01254	CbG	Gene::1544
Compound::DB00503	CbG	Gene::1565
Compound::DB00936	CbG	Gene::55867
Compound::DB05294	CbG	Gene::2534
Compound::DB00527	CbG	Gene::590
Compound::DB01132	CbG	Gene::1565
Compound::DB06589	CbG	Gene::2260
Compound::DB00347	CbG	Gene::1571
Compound::DB06605	CbG	Gene::1558
Compound::DB01026	CbG	Gene::1594
Compound::DB06712	CbG	Gene::783
Compound::DB00690	CbG	Gene::2568
Compound::DB00233	CbG	Gene::1147
Compound::DB00437	CbG	Gene::10864
Compound::DB00543	CbG	Gene::2554
Compound::DB04920	CbG	Gene::590
Compound::DB00331	CbG	Gene::4538
Compound::DB01268	CbG	Gene::1613
Compound::DB00753	CbG	Gene::1555
Compound::DB00883	CbG	Gene::2982
Compound::DB01076	CbG	Gene::3156
Compound::DB00158	CbG	Gene::1571
Compound::DB00484	CbG	Gene::152
Compound::DB00207	CbG	Gene::1576
Compound::DB05294	CbG	Gene::6793
Compound::DB00528	CbG	Gene::786
Compound::DB00604	CbG	Gene::3357
Compound::DB00717	CbG	Gene::6462
Compound::DB00331	CbG	Gene::5564
Compound::DB00800	CbG	Gene::1816
Compound::DB00783	CbG	Gene::28231
Compound::DB01628	CbG	Gene::1432
Compound::DB00370	CbG	Gene::3269
Compound::DB00850	CbG	Gene::805
Compound::DB00553	CbG	Gene::1544
Compound::DB00165	CbG	Gene::8566
Compound::DB00753	CbG	Gene::2743
Compound::DB00814	CbG	Gene::1576
Compound::DB00575	CbG	Gene::146
Compound::DB00738	CbG	Gene::1543
Compound::DB08893	CbG	Gene::6579
Compound::DB00726	CbG	Gene::150
Compound::DB00912	CbG	Gene::3767
Compound::DB00599	CbG	Gene::2898
Compound::DB00622	CbG	Gene::781
Compound::DB01355	CbG	Gene::1571
Compound::DB01614	CbG	Gene::1813
Compound::DB01036	CbG	Gene::1128
Compound::DB04552	CbG	Gene::5742
Compound::DB00774	CbG	Gene::766
Compound::DB01352	CbG	Gene::2891
Compound::DB06800	CbG	Gene::4988
Compound::DB00856	CbG	Gene::7498
Compound::DB00678	CbG	Gene::10599
Compound::DB08865	CbG	Gene::9201
Compound::DB00220	CbG	Gene::6580
Compound::DB00668	CbG	Gene::147
Compound::DB01021	CbG	Gene::771
Compound::DB00149	CbG	Gene::51451
Compound::DB01410	CbG	Gene::866
Compound::DB00778	CbG	Gene::1555
Compound::DB00972	CbG	Gene::1543
Compound::DB00128	CbG	Gene::1615
Compound::DB08901	CbG	Gene::5979
Compound::DB00163	CbG	Gene::2947
Compound::DB00939	CbG	Gene::5743
Compound::DB01199	CbG	Gene::1140
Compound::DB00788	CbG	Gene::5743
Compound::DB00758	CbG	Gene::1558
Compound::DB00576	CbG	Gene::213
Compound::DB00731	CbG	Gene::1565
Compound::DB01438	CbG	Gene::6329
Compound::DB01215	CbG	Gene::2561
Compound::DB01100	CbG	Gene::805
Compound::DB01151	CbG	Gene::5243
Compound::DB00892	CbG	Gene::590
Compound::DB00689	CbG	Gene::6584
Compound::DB00571	CbG	Gene::155
Compound::DB03147	CbG	Gene::4128
Compound::DB00555	CbG	Gene::6329
Compound::DB00619	CbG	Gene::5243
Compound::DB00679	CbG	Gene::1557
Compound::DB00252	CbG	Gene::1558
Compound::DB00949	CbG	Gene::2904
Compound::DB00887	CbG	Gene::6557
Compound::DB01231	CbG	Gene::1128
Compound::DB08877	CbG	Gene::3716
Compound::DB00237	CbG	Gene::2561
Compound::DB00546	CbG	Gene::2560
Compound::DB00738	CbG	Gene::26
Compound::DB00869	CbG	Gene::763
Compound::DB01116	CbG	Gene::1143
Compound::DB01186	CbG	Gene::1814
Compound::DB06292	CbG	Gene::5243
Compound::DB01045	CbG	Gene::6579
Compound::DB00752	CbG	Gene::1576
Compound::DB01033	CbG	Gene::3251
Compound::DB00502	CbG	Gene::1812
Compound::DB01115	CbG	Gene::801
Compound::DB01268	CbG	Gene::147746
Compound::DB00300	CbG	Gene::654364
Compound::DB01085	CbG	Gene::1571
Compound::DB01340	CbG	Gene::6565
Compound::DB00091	CbG	Gene::1577
Compound::DB04948	CbG	Gene::150
Compound::DB00829	CbG	Gene::2565
Compound::DB00358	CbG	Gene::1576
Compound::DB01241	CbG	Gene::1558
Compound::DB00121	CbG	Gene::8884
Compound::DB00589	CbG	Gene::3350
Compound::DB00274	CbG	Gene::213
Compound::DB01100	CbG	Gene::1813
Compound::DB01073	CbG	Gene::6240
Compound::DB00434	CbG	Gene::3358
Compound::DB05294	CbG	Gene::3932
Compound::DB01559	CbG	Gene::2554
Compound::DB01268	CbG	Gene::57396
Compound::DB01618	CbG	Gene::1813
Compound::DB06151	CbG	Gene::10599
Compound::DB08881	CbG	Gene::213
Compound::DB00254	CbG	Gene::4312
Compound::DB01558	CbG	Gene::2565
Compound::DB01075	CbG	Gene::1562
Compound::DB06209	CbG	Gene::1555
Compound::DB04842	CbG	Gene::4987
Compound::DB00117	CbG	Gene::10991
Compound::DB01159	CbG	Gene::1555
Compound::DB06268	CbG	Gene::1559
Compound::DB00801	CbG	Gene::2567
Compound::DB01136	CbG	Gene::1543
Compound::DB00530	CbG	Gene::54658
Compound::DB00706	CbG	Gene::146
Compound::DB00134	CbG	Gene::4524
Compound::DB00398	CbG	Gene::4593
Compound::DB06637	CbG	Gene::3752
Compound::DB00987	CbG	Gene::1576
Compound::DB01002	CbG	Gene::6336
Compound::DB00398	CbG	Gene::51776
Compound::DB00191	CbG	Gene::1559
Compound::DB05294	CbG	Gene::5979
Compound::DB01054	CbG	Gene::5243
Compound::DB00762	CbG	Gene::8824
Compound::DB04841	CbG	Gene::1555
Compound::DB00536	CbG	Gene::90134
Compound::DB00777	CbG	Gene::3358
Compound::DB00918	CbG	Gene::4128
Compound::DB00337	CbG	Gene::2475
Compound::DB01004	CbG	Gene::10864
Compound::DB00184	CbG	Gene::1558
Compound::DB06589	CbG	Gene::5243
Compound::DB05521	CbG	Gene::1513
Compound::DB00297	CbG	Gene::1557
Compound::DB00688	CbG	Gene::5243
Compound::DB00749	CbG	Gene::6256
Compound::DB06616	CbG	Gene::2065
Compound::DB00696	CbG	Gene::6530
Compound::DB01611	CbG	Gene::54106
Compound::DB00343	CbG	Gene::1557
Compound::DB00129	CbG	Gene::10166
Compound::DB01236	CbG	Gene::213
Compound::DB00793	CbG	Gene::2582
Compound::DB04786	CbG	Gene::6261
Compound::DB00675	CbG	Gene::1557
Compound::DB01138	CbG	Gene::4363
Compound::DB00794	CbG	Gene::1544
Compound::DB00129	CbG	Gene::6542
Compound::DB01174	CbG	Gene::1580
Compound::DB00909	CbG	Gene::6326
Compound::DB00783	CbG	Gene::1559
Compound::DB06201	CbG	Gene::1571
Compound::DB00544	CbG	Gene::1806
Compound::DB00958	CbG	Gene::6647
Compound::DB00909	CbG	Gene::23632
Compound::DB01110	CbG	Gene::1576
Compound::DB00307	CbG	Gene::6258
Compound::DB08896	CbG	Gene::7010
Compound::DB00171	CbG	Gene::94
Compound::DB01035	CbG	Gene::11280
Compound::DB00344	CbG	Gene::1565
Compound::DB01248	CbG	Gene::347733
Compound::DB01256	CbG	Gene::1576
Compound::DB08865	CbG	Gene::1436
Compound::DB00398	CbG	Gene::2321
Compound::DB01244	CbG	Gene::3784
Compound::DB00652	CbG	Gene::4988
Compound::DB01026	CbG	Gene::1548
Compound::DB01394	CbG	Gene::5244
Compound::DB00734	CbG	Gene::1814
Compound::DB01197	CbG	Gene::2147
Compound::DB06616	CbG	Gene::5607
Compound::DB06616	CbG	Gene::2043
Compound::DB00158	CbG	Gene::10257
Compound::DB01238	CbG	Gene::3350
Compound::DB08916	CbG	Gene::2064
Compound::DB00648	CbG	Gene::6462
Compound::DB00953	CbG	Gene::3350
Compound::DB00462	CbG	Gene::1128
Compound::DB00986	CbG	Gene::1133
Compound::DB00273	CbG	Gene::2566
Compound::DB01567	CbG	Gene::2556
Compound::DB00882	CbG	Gene::10280
Compound::DB00536	CbG	Gene::3742
Compound::DB00694	CbG	Gene::89845
Compound::DB01567	CbG	Gene::2563
Compound::DB00852	CbG	Gene::3558
Compound::DB00690	CbG	Gene::1576
Compound::DB00849	CbG	Gene::2556
Compound::DB00486	CbG	Gene::1268
Compound::DB00451	CbG	Gene::7067
Compound::DB01280	CbG	Gene::5422
Compound::DB00248	CbG	Gene::146
Compound::DB00584	CbG	Gene::9376
Compound::DB06144	CbG	Gene::3355
Compound::DB00214	CbG	Gene::5742
Compound::DB00050	CbG	Gene::2798
Compound::DB00508	CbG	Gene::5243
Compound::DB00162	CbG	Gene::51109
Compound::DB00717	CbG	Gene::1557
Compound::DB01587	CbG	Gene::5243
Compound::DB00969	CbG	Gene::1576
Compound::DB00264	CbG	Gene::153
Compound::DB06274	CbG	Gene::4985
Compound::DB00762	CbG	Gene::7150
Compound::DB00788	CbG	Gene::1559
Compound::DB00762	CbG	Gene::1244
Compound::DB00458	CbG	Gene::1132
Compound::DB00458	CbG	Gene::6531
Compound::DB00412	CbG	Gene::1544
Compound::DB01623	CbG	Gene::3269
Compound::DB00586	CbG	Gene::9356
Compound::DB08901	CbG	Gene::7010
Compound::DB00275	CbG	Gene::185
Compound::DB06694	CbG	Gene::147
Compound::DB08877	CbG	Gene::9201
Compound::DB00468	CbG	Gene::3783
Compound::DB00738	CbG	Gene::1558
Compound::DB06262	CbG	Gene::117247
Compound::DB00369	CbG	Gene::9356
Compound::DB00568	CbG	Gene::1813
Compound::DB01399	CbG	Gene::5742
Compound::DB00834	CbG	Gene::1565
Compound::DB01626	CbG	Gene::4129
Compound::DB00363	CbG	Gene::54657
Compound::DB01078	CbG	Gene::480
Compound::DB00700	CbG	Gene::1576
Compound::DB06151	CbG	Gene::2906
Compound::DB00755	CbG	Gene::5914
Compound::DB00495	CbG	Gene::10864
Compound::DB00160	CbG	Gene::2875
Compound::DB00331	CbG	Gene::126328
Compound::DB00227	CbG	Gene::1551
Compound::DB00780	CbG	Gene::100861540
Compound::DB00741	CbG	Gene::9429
Compound::DB08860	CbG	Gene::10599
Compound::DB00484	CbG	Gene::151
Compound::DB01095	CbG	Gene::1565
Compound::DB06216	CbG	Gene::1815
Compound::DB00396	CbG	Gene::6581
Compound::DB01254	CbG	Gene::140901
Compound::DB00259	CbG	Gene::1571
Compound::DB01000	CbG	Gene::6564
Compound::DB00186	CbG	Gene::7366
Compound::DB06616	CbG	Gene::640
Compound::DB01226	CbG	Gene::1129
Compound::DB01382	CbG	Gene::6833
Compound::DB00194	CbG	Gene::132
Compound::DB00619	CbG	Gene::1576
Compound::DB00536	CbG	Gene::3739
Compound::DB00741	CbG	Gene::1558
Compound::DB01016	CbG	Gene::5243
Compound::DB00877	CbG	Gene::2475
Compound::DB01352	CbG	Gene::89832
Compound::DB00753	CbG	Gene::51305
Compound::DB08865	CbG	Gene::1969
Compound::DB05294	CbG	Gene::80122
Compound::DB00509	CbG	Gene::7067
Compound::DB00333	CbG	Gene::4985
Compound::DB01452	CbG	Gene::4986
Compound::DB01589	CbG	Gene::2569
Compound::DB00988	CbG	Gene::1565
Compound::DB00397	CbG	Gene::150
Compound::DB01175	CbG	Gene::3269
Compound::DB00279	CbG	Gene::353189
Compound::DB01463	CbG	Gene::6531
Compound::DB08881	CbG	Gene::5894
Compound::DB00643	CbG	Gene::1543
Compound::DB00339	CbG	Gene::7498
Compound::DB06772	CbG	Gene::347688
Compound::DB00724	CbG	Gene::51311
Compound::DB01210	CbG	Gene::154
Compound::DB00801	CbG	Gene::2568
Compound::DB00162	CbG	Gene::1592
Compound::DB00570	CbG	Gene::1244
Compound::DB00173	CbG	Gene::32
Compound::DB00431	CbG	Gene::2742
Compound::DB00599	CbG	Gene::2559
Compound::DB00169	CbG	Gene::7421
Compound::DB00575	CbG	Gene::1576
Compound::DB01201	CbG	Gene::64816
Compound::DB00563	CbG	Gene::4363
Compound::DB06637	CbG	Gene::3788
Compound::DB06713	CbG	Gene::412
Compound::DB00370	CbG	Gene::150
Compound::DB00589	CbG	Gene::151
Compound::DB00546	CbG	Gene::1576
Compound::DB01435	CbG	Gene::5743
Compound::DB00909	CbG	Gene::770
Compound::DB01229	CbG	Gene::28234
Compound::DB00404	CbG	Gene::1551
Compound::DB00563	CbG	Gene::316
Compound::DB04574	CbG	Gene::6580
Compound::DB00762	CbG	Gene::1551
Compound::DB01268	CbG	Gene::51135
Compound::DB00857	CbG	Gene::1583
Compound::DB01232	CbG	Gene::10599
Compound::DB00515	CbG	Gene::4353
Compound::DB06589	CbG	Gene::3985
Compound::DB00897	CbG	Gene::2564
Compound::DB00312	CbG	Gene::2556
Compound::DB00796	CbG	Gene::1558
Compound::DB00268	CbG	Gene::1565
Compound::DB00918	CbG	Gene::1544
Compound::DB06216	CbG	Gene::148
Compound::DB01151	CbG	Gene::1557
Compound::DB03147	CbG	Gene::1728
Compound::DB00454	CbG	Gene::5004
Compound::DB00131	CbG	Gene::6714
Compound::DB00435	CbG	Gene::1555
Compound::DB00547	CbG	Gene::2908
Compound::DB00129	CbG	Gene::6541
Compound::DB00345	CbG	Gene::55867
Compound::DB01349	CbG	Gene::1576
Compound::DB01189	CbG	Gene::2556
Compound::DB01224	CbG	Gene::1557
Compound::DB00312	CbG	Gene::2891
Compound::DB00540	CbG	Gene::1557
Compound::DB00171	CbG	Gene::238
Compound::DB01131	CbG	Gene::1557
Compound::DB01159	CbG	Gene::3777
Compound::DB01204	CbG	Gene::9429
Compound::DB01016	CbG	Gene::6833
Compound::DB00753	CbG	Gene::2565
Compound::DB00289	CbG	Gene::3362
Compound::DB00334	CbG	Gene::1133
Compound::DB00679	CbG	Gene::1812
Compound::DB01053	CbG	Gene::9376
Compound::DB00820	CbG	Gene::50940
Compound::DB01056	CbG	Gene::1544
Compound::DB00699	CbG	Gene::148
Compound::DB00704	CbG	Gene::4988
Compound::DB00783	CbG	Gene::213
Compound::DB08865	CbG	Gene::7301
Compound::DB08897	CbG	Gene::1128
Compound::DB00774	CbG	Gene::771
Compound::DB00582	CbG	Gene::1576
Compound::DB00661	CbG	Gene::6583
Compound::DB01354	CbG	Gene::2559
Compound::DB00134	CbG	Gene::635
Compound::DB00732	CbG	Gene::1140
Compound::DB00747	CbG	Gene::1128
Compound::DB08860	CbG	Gene::3156
Compound::DB00973	CbG	Gene::8714
Compound::DB01142	CbG	Gene::3357
Compound::DB02638	CbG	Gene::553
Compound::DB00499	CbG	Gene::367
Compound::DB01132	CbG	Gene::1576
Compound::DB00958	CbG	Gene::1317
Compound::DB00334	CbG	Gene::3351
Compound::DB00636	CbG	Gene::1571
Compound::DB01138	CbG	Gene::10257
Compound::DB01238	CbG	Gene::3356
Compound::DB01425	CbG	Gene::1813
Compound::DB01173	CbG	Gene::1571
Compound::DB00169	CbG	Gene::2638
Compound::DB01067	CbG	Gene::6833
Compound::DB01026	CbG	Gene::1576
Compound::DB01567	CbG	Gene::2554
Compound::DB00321	CbG	Gene::3352
Compound::DB00255	CbG	Gene::2104
Compound::DB00117	CbG	Gene::117247
Compound::DB00127	CbG	Gene::763
Compound::DB00420	CbG	Gene::1813
Compound::DB00627	CbG	Gene::11309
Compound::DB00694	CbG	Gene::7532
Compound::DB00832	CbG	Gene::8912
Compound::DB01086	CbG	Gene::1066
Compound::DB00091	CbG	Gene::8714
Compound::DB00131	CbG	Gene::5565
Compound::DB00624	CbG	Gene::1576
Compound::DB06616	CbG	Gene::25989
Compound::DB01244	CbG	Gene::476
Compound::DB06684	CbG	Gene::1562
Compound::DB00184	CbG	Gene::1138
Compound::DB01106	CbG	Gene::3269
Compound::DB00783	CbG	Gene::55867
Compound::DB00777	CbG	Gene::147
Compound::DB06725	CbG	Gene::5742
Compound::DB08877	CbG	Gene::51347
Compound::DB01354	CbG	Gene::2557
Compound::DB00368	CbG	Gene::6530
Compound::DB00777	CbG	Gene::3269
Compound::DB01212	CbG	Gene::9356
Compound::DB00363	CbG	Gene::1571
Compound::DB01608	CbG	Gene::150
Compound::DB00977	CbG	Gene::8647
Compound::DB08877	CbG	Gene::1576
Compound::DB01351	CbG	Gene::2898
Compound::DB00129	CbG	Gene::383
Compound::DB00909	CbG	Gene::8911
Compound::DB01236	CbG	Gene::2557
Compound::DB00482	CbG	Gene::5743
Compound::DB00338	CbG	Gene::8714
Compound::DB01403	CbG	Gene::1815
Compound::DB00683	CbG	Gene::2555
Compound::DB00619	CbG	Gene::23632
Compound::DB00904	CbG	Gene::1571
Compound::DB01268	CbG	Gene::1457
Compound::DB04920	CbG	Gene::1576
Compound::DB00295	CbG	Gene::1576
Compound::DB00356	CbG	Gene::1571
Compound::DB01244	CbG	Gene::5243
Compound::DB01338	CbG	Gene::1144
Compound::DB00322	CbG	Gene::7298
Compound::DB00554	CbG	Gene::213
Compound::DB00228	CbG	Gene::513
Compound::DB00541	CbG	Gene::7277
Compound::DB00688	CbG	Gene::54578
Compound::DB00988	CbG	Gene::1559
Compound::DB00842	CbG	Gene::7366
Compound::DB08807	CbG	Gene::3350
Compound::DB00897	CbG	Gene::2566
Compound::DB00774	CbG	Gene::6559
Compound::DB06589	CbG	Gene::8576
Compound::DB00943	CbG	Gene::9356
Compound::DB00091	CbG	Gene::2281
Compound::DB00514	CbG	Gene::1557
Compound::DB04794	CbG	Gene::1557
Compound::DB01588	CbG	Gene::2562
Compound::DB01092	CbG	Gene::1543
Compound::DB00328	CbG	Gene::7364
Compound::DB00231	CbG	Gene::1557
Compound::DB01253	CbG	Gene::3354
Compound::DB00753	CbG	Gene::27032
Compound::DB01110	CbG	Gene::5243
Compound::DB00675	CbG	Gene::1543
Compound::DB01224	CbG	Gene::1813
Compound::DB05294	CbG	Gene::2046
Compound::DB00536	CbG	Gene::6582
Compound::DB00744	CbG	Gene::1544
Compound::DB01236	CbG	Gene::2741
Compound::DB08901	CbG	Gene::4067
Compound::DB01403	CbG	Gene::1814
Compound::DB01394	CbG	Gene::203068
Compound::DB00141	CbG	Gene::51172
Compound::DB00358	CbG	Gene::135
Compound::DB00543	CbG	Gene::3269
Compound::DB08807	CbG	Gene::3351
Compound::DB01579	CbG	Gene::6530
Compound::DB00152	CbG	Gene::10560
Compound::DB00477	CbG	Gene::1544
Compound::DB00122	CbG	Gene::1119
Compound::DB00128	CbG	Gene::440
Compound::DB00561	CbG	Gene::3777
Compound::DB00786	CbG	Gene::8510
Compound::DB06204	CbG	Gene::3359
Compound::DB00814	CbG	Gene::1559
Compound::DB01321	CbG	Gene::1576
Compound::DB00420	CbG	Gene::1815
Compound::DB00628	CbG	Gene::2554
Compound::DB01095	CbG	Gene::1559
Compound::DB00281	CbG	Gene::1548
Compound::DB01211	CbG	Gene::1557
Compound::DB06616	CbG	Gene::9448
Compound::DB00974	CbG	Gene::5446
Compound::DB00810	CbG	Gene::5243
Compound::DB00139	CbG	Gene::9058
Compound::DB01411	CbG	Gene::3567
Compound::DB00706	CbG	Gene::1576
Compound::DB00864	CbG	Gene::23461
Compound::DB00601	CbG	Gene::4128
Compound::DB01223	CbG	Gene::136
Compound::DB01267	CbG	Gene::1815
Compound::DB01248	CbG	Gene::8856
Compound::DB00814	CbG	Gene::5742
Compound::DB00821	CbG	Gene::5743
Compound::DB00175	CbG	Gene::28234
Compound::DB00359	CbG	Gene::1571
Compound::DB00411	CbG	Gene::1135
Compound::DB01126	CbG	Gene::6715
Compound::DB01234	CbG	Gene::2908
Compound::DB00520	CbG	Gene::28234
Compound::DB00604	CbG	Gene::3757
Compound::DB00119	CbG	Gene::6567
Compound::DB00755	CbG	Gene::1382
Compound::DB06288	CbG	Gene::1814
Compound::DB01234	CbG	Gene::64816
Compound::DB00132	CbG	Gene::6546
Compound::DB00408	CbG	Gene::1813
Compound::DB00536	CbG	Gene::3741
Compound::DB00151	CbG	Gene::2730
Compound::DB00370	CbG	Gene::3357
Compound::DB00171	CbG	Gene::91
Compound::DB00345	CbG	Gene::6584
Compound::DB00216	CbG	Gene::3357
Compound::DB00313	CbG	Gene::1548
Compound::DB00656	CbG	Gene::100861540
Compound::DB00509	CbG	Gene::7068
Compound::DB01234	CbG	Gene::8647
Compound::DB00145	CbG	Gene::2731
Compound::DB00661	CbG	Gene::785
Compound::DB00421	CbG	Gene::6579
Compound::DB00970	CbG	Gene::4363
Compound::DB00918	CbG	Gene::1571
Compound::DB04930	CbG	Gene::6323
Compound::DB00300	CbG	Gene::205
Compound::DB01396	CbG	Gene::353189
Compound::DB00873	CbG	Gene::2908
Compound::DB00481	CbG	Gene::316
Compound::DB00669	CbG	Gene::3355
Compound::DB08901	CbG	Gene::2260
Compound::DB01174	CbG	Gene::1543
Compound::DB00438	CbG	Gene::6565
Compound::DB00540	CbG	Gene::1571
Compound::DB01092	CbG	Gene::353189
Compound::DB01296	CbG	Gene::1557
Compound::DB00390	CbG	Gene::28234
Compound::DB00491	CbG	Gene::8972
Compound::DB00155	CbG	Gene::4842
Compound::DB00720	CbG	Gene::291
Compound::DB06616	CbG	Gene::1760
Compound::DB00477	CbG	Gene::59340
Compound::DB00119	CbG	Gene::9120
Compound::DB05109	CbG	Gene::1565
Compound::DB00996	CbG	Gene::781
Compound::DB00679	CbG	Gene::1544
Compound::DB01064	CbG	Gene::1543
Compound::DB00898	CbG	Gene::1543
Compound::DB00935	CbG	Gene::148
Compound::DB01037	CbG	Gene::1565
Compound::DB00363	CbG	Gene::147
Compound::DB00160	CbG	Gene::16
Compound::DB00116	CbG	Gene::10797
Compound::DB00910	CbG	Gene::7421
Compound::DB00396	CbG	Gene::1543
Compound::DB01544	CbG	Gene::706
Compound::DB01104	CbG	Gene::4129
Compound::DB00471	CbG	Gene::1559
Compound::DB01551	CbG	Gene::4988
Compound::DB00568	CbG	Gene::8912
Compound::DB00128	CbG	Gene::91703
Compound::DB00795	CbG	Gene::1147
Compound::DB00145	CbG	Gene::51268
Compound::DB01065	CbG	Gene::4543
Compound::DB01148	CbG	Gene::5141
Compound::DB05521	CbG	Gene::1215
Compound::DB00253	CbG	Gene::2908
Compound::DB00588	CbG	Gene::1551
Compound::DB00334	CbG	Gene::1812
Compound::DB01201	CbG	Gene::1577
Compound::DB08868	CbG	Gene::8529
Compound::DB00562	CbG	Gene::771
Compound::DB01221	CbG	Gene::116443
Compound::DB01098	CbG	Gene::4363
Compound::DB00590	CbG	Gene::5243
Compound::DB06766	CbG	Gene::3269
Compound::DB00691	CbG	Gene::6565
Compound::DB01012	CbG	Gene::846
Compound::DB06616	CbG	Gene::3654
Compound::DB00145	CbG	Gene::2617
Compound::DB00176	CbG	Gene::10280
Compound::DB00238	CbG	Gene::1559
Compound::DB00392	CbG	Gene::116443
Compound::DB00338	CbG	Gene::1545
Compound::DB02187	CbG	Gene::3292
Compound::DB01601	CbG	Gene::1576
Compound::DB01082	CbG	Gene::9356
Compound::DB00182	CbG	Gene::4129
Compound::DB00536	CbG	Gene::3750
Compound::DB00683	CbG	Gene::2567
Compound::DB00806	CbG	Gene::1544
Compound::DB00783	CbG	Gene::28234
Compound::DB01403	CbG	Gene::152
Compound::DB01236	CbG	Gene::2561
Compound::DB08865	CbG	Gene::80122
Compound::DB01326	CbG	Gene::9356
Compound::DB00234	CbG	Gene::6530
Compound::DB01047	CbG	Gene::6608
Compound::DB08916	CbG	Gene::285220
Compound::DB00182	CbG	Gene::6532
Compound::DB00691	CbG	Gene::59272
Compound::DB00770	CbG	Gene::5739
Compound::DB00523	CbG	Gene::1544
Compound::DB00973	CbG	Gene::54659
Compound::DB00213	CbG	Gene::495
Compound::DB01234	CbG	Gene::5319
Compound::DB00970	CbG	Gene::368
Compound::DB00897	CbG	Gene::2562
Compound::DB00709	CbG	Gene::9429
Compound::DB00909	CbG	Gene::759
Compound::DB00254	CbG	Gene::4322
Compound::DB00712	CbG	Gene::213
Compound::DB00571	CbG	Gene::1544
Compound::DB01142	CbG	Gene::151
Compound::DB00419	CbG	Gene::57704
Compound::DB08954	CbG	Gene::2904
Compound::DB00334	CbG	Gene::151
Compound::DB05294	CbG	Gene::27
Compound::DB00496	CbG	Gene::1129
Compound::DB00518	CbG	Gene::5243
Compound::DB00898	CbG	Gene::1544
Compound::DB00836	CbG	Gene::1576
Compound::DB01413	CbG	Gene::6584
Compound::DB00281	CbG	Gene::1544
Compound::DB00908	CbG	Gene::6584
Compound::DB00619	CbG	Gene::5004
Compound::DB00544	CbG	Gene::1559
Compound::DB00371	CbG	Gene::2566
Compound::DB08865	CbG	Gene::81788
Compound::DB01110	CbG	Gene::1584
Compound::DB00155	CbG	Gene::4846
Compound::DB00162	CbG	Gene::50700
Compound::DB00158	CbG	Gene::8836
Compound::DB01075	CbG	Gene::1557
Compound::DB00331	CbG	Gene::91942
Compound::DB00866	CbG	Gene::3350
Compound::DB01392	CbG	Gene::6532
Compound::DB00829	CbG	Gene::2569
Compound::DB01110	CbG	Gene::1595
Compound::DB00203	CbG	Gene::1559
Compound::DB00493	CbG	Gene::55867
Compound::DB00871	CbG	Gene::590
Compound::DB00472	CbG	Gene::1559
Compound::DB00371	CbG	Gene::2554
Compound::DB00573	CbG	Gene::5742
Compound::DB00619	CbG	Gene::4914
Compound::DB00602	CbG	Gene::5243
Compound::DB00402	CbG	Gene::5742
Compound::DB00418	CbG	Gene::2566
Compound::DB00149	CbG	Gene::51520
Compound::DB00928	CbG	Gene::1786
Compound::DB01050	CbG	Gene::54658
Compound::DB01227	CbG	Gene::1551
Compound::DB00590	CbG	Gene::146
Compound::DB00448	CbG	Gene::1562
Compound::DB00909	CbG	Gene::768
Compound::DB00321	CbG	Gene::3358
Compound::DB00523	CbG	Gene::1382
Compound::DB00570	CbG	Gene::6582
Compound::DB00422	CbG	Gene::6532
Compound::DB00235	CbG	Gene::5139
Compound::DB00537	CbG	Gene::1576
Compound::DB08807	CbG	Gene::155
Compound::DB00917	CbG	Gene::9356
Compound::DB01204	CbG	Gene::146802
Compound::DB01254	CbG	Gene::2046
Compound::DB00938	CbG	Gene::1551
Compound::DB05246	CbG	Gene::8912
Compound::DB00502	CbG	Gene::3269
Compound::DB00116	CbG	Gene::10840
Compound::DB01274	CbG	Gene::153
Compound::DB01100	CbG	Gene::8913
Compound::DB00456	CbG	Gene::9356
Compound::DB00200	CbG	Gene::81693
Compound::DB00835	CbG	Gene::1576
Compound::DB00143	CbG	Gene::4258
Compound::DB00543	CbG	Gene::5004
Compound::DB00366	CbG	Gene::3269
Compound::DB01224	CbG	Gene::1551
Compound::DB00279	CbG	Gene::10599
Compound::DB01594	CbG	Gene::2561
Compound::DB00215	CbG	Gene::1557
Compound::DB01097	CbG	Gene::1723
Compound::DB02638	CbG	Gene::552
Compound::DB00370	CbG	Gene::6530
Compound::DB04938	CbG	Gene::1557
Compound::DB00132	CbG	Gene::7442
Compound::DB00831	CbG	Gene::10280
Compound::DB00724	CbG	Gene::51284
Compound::DB00608	CbG	Gene::1543
Compound::DB00908	CbG	Gene::1551
Compound::DB00951	CbG	Gene::1558
Compound::DB00263	CbG	Gene::1559
Compound::DB01403	CbG	Gene::1812
Compound::DB01415	CbG	Gene::6565
Compound::DB00543	CbG	Gene::3351
Compound::DB00897	CbG	Gene::2557
Compound::DB00379	CbG	Gene::6329
Compound::DB01254	CbG	Gene::1577
Compound::DB01347	CbG	Gene::185
Compound::DB08860	CbG	Gene::6554
Compound::DB01238	CbG	Gene::1129
Compound::DB00232	CbG	Gene::762
Compound::DB01613	CbG	Gene::4882
Compound::DB08865	CbG	Gene::7297
Compound::DB01403	CbG	Gene::1131
Compound::DB01577	CbG	Gene::6532
Compound::DB00604	CbG	Gene::1565
Compound::DB00184	CbG	Gene::1141
Compound::DB01165	CbG	Gene::4363
Compound::DB00122	CbG	Gene::126969
Compound::DB00515	CbG	Gene::1244
Compound::DB00762	CbG	Gene::6581
Compound::DB08897	CbG	Gene::590
Compound::DB00128	CbG	Gene::2806
Compound::DB00920	CbG	Gene::5226
Compound::DB01041	CbG	Gene::51185
Compound::DB01028	CbG	Gene::2564
Compound::DB00503	CbG	Gene::4363
Compound::DB00201	CbG	Gene::1543
Compound::DB06710	CbG	Gene::6462
Compound::DB00468	CbG	Gene::1559
Compound::DB01424	CbG	Gene::1558
Compound::DB01149	CbG	Gene::100861540
Compound::DB01059	CbG	Gene::7153
Compound::DB00903	CbG	Gene::476
Compound::DB01288	CbG	Gene::154
Compound::DB00277	CbG	Gene::1565
Compound::DB00644	CbG	Gene::2798
Compound::DB00125	CbG	Gene::117247
Compound::DB00246	CbG	Gene::148
Compound::DB03147	CbG	Gene::27034
Compound::DB00279	CbG	Gene::7276
Compound::DB00887	CbG	Gene::5743
Compound::DB04855	CbG	Gene::213
Compound::DB00216	CbG	Gene::1559
Compound::DB00936	CbG	Gene::9376
Compound::DB00795	CbG	Gene::3551
Compound::DB01559	CbG	Gene::2556
Compound::DB00731	CbG	Gene::1577
Compound::DB00688	CbG	Gene::10599
Compound::DB01221	CbG	Gene::6869
Compound::DB00306	CbG	Gene::2563
Compound::DB00171	CbG	Gene::107
Compound::DB00714	CbG	Gene::1812
Compound::DB00619	CbG	Gene::1565
Compound::DB00163	CbG	Gene::3162
Compound::DB00126	CbG	Gene::55239
Compound::DB00360	CbG	Gene::5743
Compound::DB00973	CbG	Gene::64240
Compound::DB04842	CbG	Gene::150
Compound::DB00755	CbG	Gene::1381
Compound::DB00961	CbG	Gene::6326
Compound::DB01361	CbG	Gene::1559
Compound::DB00432	CbG	Gene::1890
Compound::DB04894	CbG	Gene::6755
Compound::DB00458	CbG	Gene::3350
Compound::DB00950	CbG	Gene::5243
Compound::DB00952	CbG	Gene::3351
Compound::DB01242	CbG	Gene::3274
Compound::DB01037	CbG	Gene::4128
Compound::DB01567	CbG	Gene::2567
Compound::DB01367	CbG	Gene::596
Compound::DB00976	CbG	Gene::100861540
Compound::DB00909	CbG	Gene::761
Compound::DB00536	CbG	Gene::170850
Compound::DB00753	CbG	Gene::2562
Compound::DB01291	CbG	Gene::154
Compound::DB00704	CbG	Gene::5243
Compound::DB06144	CbG	Gene::1576
Compound::DB00196	CbG	Gene::1577
Compound::DB01117	CbG	Gene::1559
Compound::DB00428	CbG	Gene::1544
Compound::DB06616	CbG	Gene::2044
Compound::DB01403	CbG	Gene::1129
Compound::DB08828	CbG	Gene::6469
Compound::DB00208	CbG	Gene::1559
Compound::DB06218	CbG	Gene::23632
Compound::DB01577	CbG	Gene::6584
Compound::DB01036	CbG	Gene::1576
Compound::DB00495	CbG	Gene::3177
Compound::DB00318	CbG	Gene::1551
Compound::DB01589	CbG	Gene::2560
Compound::DB08896	CbG	Gene::2324
Compound::DB00798	CbG	Gene::9356
Compound::DB00273	CbG	Gene::762
Compound::DB06216	CbG	Gene::1544
Compound::DB00530	CbG	Gene::1576
Compound::DB01346	CbG	Gene::1565
Compound::DB00564	CbG	Gene::1557
Compound::DB01412	CbG	Gene::5142
Compound::DB00436	CbG	Gene::759
Compound::DB00396	CbG	Gene::1548
Compound::DB08877	CbG	Gene::28996
Compound::DB00594	CbG	Gene::5328
Compound::DB00683	CbG	Gene::2562
Compound::DB00987	CbG	Gene::5423
Compound::DB01289	CbG	Gene::3767
Compound::DB00564	CbG	Gene::6331
Compound::DB01136	CbG	Gene::6401
Compound::DB01011	CbG	Gene::1585
Compound::DB01245	CbG	Gene::1144
Compound::DB00369	CbG	Gene::1890
Compound::DB06589	CbG	Gene::10746
Compound::DB00441	CbG	Gene::3177
Compound::DB00949	CbG	Gene::1557
Compound::DB00262	CbG	Gene::1544
Compound::DB00482	CbG	Gene::763
Compound::DB00877	CbG	Gene::100861540
Compound::DB00150	CbG	Gene::121278
Compound::DB00381	CbG	Gene::781
Compound::DB00320	CbG	Gene::1576
Compound::DB00683	CbG	Gene::2560
Compound::DB00503	CbG	Gene::9429
Compound::DB00852	CbG	Gene::1565
Compound::DB00726	CbG	Gene::1813
Compound::DB00338	CbG	Gene::1576
Compound::DB00715	CbG	Gene::1558
Compound::DB08912	CbG	Gene::28234
Compound::DB00795	CbG	Gene::5468
Compound::DB00317	CbG	Gene::285220
Compound::DB00413	CbG	Gene::3350
Compound::DB00934	CbG	Gene::1544
Compound::DB00500	CbG	Gene::9356
Compound::DB00690	CbG	Gene::6582
Compound::DB04868	CbG	Gene::771
Compound::DB00586	CbG	Gene::41
Compound::DB00301	CbG	Gene::1576
Compound::DB00398	CbG	Gene::5156
Compound::DB05294	CbG	Gene::7525
Compound::DB00989	CbG	Gene::1576
Compound::DB08860	CbG	Gene::1244
Compound::DB00279	CbG	Gene::213
Compound::DB00731	CbG	Gene::6565
Compound::DB06616	CbG	Gene::10188
Compound::DB00139	CbG	Gene::8802
Compound::DB00126	CbG	Gene::55217
Compound::DB04946	CbG	Gene::100861540
Compound::DB00783	CbG	Gene::2099
Compound::DB00495	CbG	Gene::9376
Compound::DB04868	CbG	Gene::2051
Compound::DB01115	CbG	Gene::1543
Compound::DB01618	CbG	Gene::3350
Compound::DB00408	CbG	Gene::1816
Compound::DB00714	CbG	Gene::3350
Compound::DB00151	CbG	Gene::79587
Compound::DB01110	CbG	Gene::3757
Compound::DB00647	CbG	Gene::1559
Compound::DB00248	CbG	Gene::154
Compound::DB06616	CbG	Gene::4215
Compound::DB06637	CbG	Gene::3755
Compound::DB01229	CbG	Gene::1576
Compound::DB00231	CbG	Gene::2555
Compound::DB01239	CbG	Gene::1813
Compound::DB01390	CbG	Gene::8671
Compound::DB01268	CbG	Gene::6197
Compound::DB00408	CbG	Gene::59340
Compound::DB00895	CbG	Gene::2207
Compound::DB00189	CbG	Gene::2554
Compound::DB06616	CbG	Gene::11183
Compound::DB00908	CbG	Gene::6580
Compound::DB06689	CbG	Gene::2161
Compound::DB06287	CbG	Gene::1565
Compound::DB00593	CbG	Gene::1576
Compound::DB06725	CbG	Gene::5743
Compound::DB00637	CbG	Gene::3269
Compound::DB00579	CbG	Gene::10280
Compound::DB00897	CbG	Gene::2554
Compound::DB00802	CbG	Gene::4988
Compound::DB00129	CbG	Gene::51686
Compound::DB00277	CbG	Gene::8654
Compound::DB01028	CbG	Gene::2557
Compound::DB01254	CbG	Gene::8767
Compound::DB01239	CbG	Gene::1129
Compound::DB00967	CbG	Gene::1565
Compound::DB06716	CbG	Gene::2565
Compound::DB00359	CbG	Gene::1576
Compound::DB00686	CbG	Gene::2247
Compound::DB00458	CbG	Gene::3363
Compound::DB00370	CbG	Gene::4986
Compound::DB01185	CbG	Gene::5618
Compound::DB06616	CbG	Gene::6793
Compound::DB00449	CbG	Gene::151
Compound::DB00929	CbG	Gene::5734
Compound::DB01273	CbG	Gene::1137
Compound::DB00801	CbG	Gene::2556
Compound::DB00675	CbG	Gene::1559
Compound::DB06589	CbG	Gene::54658
Compound::DB00526	CbG	Gene::6581
Compound::DB00308	CbG	Gene::775
Compound::DB00381	CbG	Gene::774
Compound::DB00945	CbG	Gene::3309
Compound::DB01601	CbG	Gene::1544
Compound::DB00515	CbG	Gene::1555
Compound::DB00283	CbG	Gene::3269
Compound::DB00321	CbG	Gene::3356
Compound::DB00975	CbG	Gene::5158
Compound::DB01033	CbG	Gene::9376
Compound::DB00869	CbG	Gene::1576
Compound::DB01098	CbG	Gene::213
Compound::DB00520	CbG	Gene::10599
Compound::DB01151	CbG	Gene::1544
Compound::DB00231	CbG	Gene::2563
Compound::DB01254	CbG	Gene::1543
Compound::DB00543	CbG	Gene::1815
Compound::DB00200	CbG	Gene::326625
Compound::DB00188	CbG	Gene::5707
Compound::DB00975	CbG	Gene::5243
Compound::DB00139	CbG	Gene::1468
Compound::DB00784	CbG	Gene::8644
Compound::DB00151	CbG	Gene::2729
Compound::DB00184	CbG	Gene::1135
Compound::DB01110	CbG	Gene::1559
Compound::DB00647	CbG	Gene::1558
Compound::DB00398	CbG	Gene::1558
Compound::DB01407	CbG	Gene::4803
Compound::DB00890	CbG	Gene::2099
Compound::DB00350	CbG	Gene::10060
Compound::DB01622	CbG	Gene::6580
Compound::DB05246	CbG	Gene::1557
Compound::DB00623	CbG	Gene::5243
Compound::DB06144	CbG	Gene::3269
Compound::DB04868	CbG	Gene::1432
Compound::DB00835	CbG	Gene::1565
Compound::DB00637	CbG	Gene::100861540
Compound::DB00530	CbG	Gene::3718
Compound::DB01104	CbG	Gene::6531
Compound::DB01143	CbG	Gene::251
Compound::DB00398	CbG	Gene::1555
Compound::DB03147	CbG	Gene::51
Compound::DB01356	CbG	Gene::2932
Compound::DB00331	CbG	Gene::4715
Compound::DB01148	CbG	Gene::27115
Compound::DB01333	CbG	Gene::6584
Compound::DB00373	CbG	Gene::153
Compound::DB00514	CbG	Gene::1558
Compound::DB00540	CbG	Gene::1131
Compound::DB00818	CbG	Gene::54578
Compound::DB08795	CbG	Gene::6584
Compound::DB06616	CbG	Gene::695
Compound::DB01610	CbG	Gene::11254
Compound::DB01080	CbG	Gene::206358
Compound::DB03147	CbG	Gene::259307
Compound::DB00408	CbG	Gene::3351
Compound::DB01595	CbG	Gene::2555
Compound::DB08910	CbG	Gene::1544
Compound::DB01392	CbG	Gene::3351
Compound::DB00145	CbG	Gene::6470
Compound::DB01054	CbG	Gene::8912
Compound::DB00351	CbG	Gene::2908
Compound::DB00704	CbG	Gene::54658
Compound::DB00490	CbG	Gene::3357
Compound::DB08932	CbG	Gene::1557
Compound::DB00836	CbG	Gene::1555
Compound::DB00430	CbG	Gene::213
Compound::DB01248	CbG	Gene::10382
Compound::DB01077	CbG	Gene::5802
Compound::DB06772	CbG	Gene::5243
Compound::DB00863	CbG	Gene::1544
Compound::DB00481	CbG	Gene::3357
Compound::DB06706	CbG	Gene::6571
Compound::DB01100	CbG	Gene::100861540
Compound::DB00508	CbG	Gene::590
Compound::DB00571	CbG	Gene::153
Compound::DB01103	CbG	Gene::5243
Compound::DB01254	CbG	Gene::5159
Compound::DB06712	CbG	Gene::1557
Compound::DB01580	CbG	Gene::153
Compound::DB00216	CbG	Gene::1565
Compound::DB00252	CbG	Gene::1577
Compound::DB08865	CbG	Gene::2042
Compound::DB00569	CbG	Gene::2159
Compound::DB01035	CbG	Gene::6581
Compound::DB01348	CbG	Gene::1636
Compound::DB01369	CbG	Gene::1576
Compound::DB01259	CbG	Gene::2064
Compound::DB01221	CbG	Gene::2904
Compound::DB00231	CbG	Gene::2565
Compound::DB00842	CbG	Gene::2559
Compound::DB01114	CbG	Gene::6582
Compound::DB06148	CbG	Gene::152
Compound::DB00674	CbG	Gene::590
Compound::DB04855	CbG	Gene::3776
Compound::DB00171	CbG	Gene::19
Compound::DB01159	CbG	Gene::54207
Compound::DB01623	CbG	Gene::1544
Compound::DB00408	CbG	Gene::6530
Compound::DB00248	CbG	Gene::151
Compound::DB00316	CbG	Gene::54575
Compound::DB00755	CbG	Gene::1551
Compound::DB01254	CbG	Gene::3932
Compound::DB00436	CbG	Gene::762
Compound::DB00633	CbG	Gene::1543
Compound::DB01424	CbG	Gene::1557
Compound::DB01259	CbG	Gene::6890
Compound::DB00709	CbG	Gene::30833
Compound::DB00544	CbG	Gene::7378
Compound::DB00633	CbG	Gene::1571
Compound::DB00471	CbG	Gene::1548
Compound::DB00122	CbG	Gene::1103
Compound::DB01173	CbG	Gene::6335
Compound::DB00398	CbG	Gene::2872
Compound::DB00163	CbG	Gene::8856
Compound::DB00482	CbG	Gene::23632
Compound::DB01242	CbG	Gene::1544
Compound::DB00313	CbG	Gene::54578
Compound::DB00259	CbG	Gene::1557
Compound::DB00150	CbG	Gene::3620
Compound::DB00313	CbG	Gene::7915
Compound::DB00814	CbG	Gene::1558
Compound::DB01326	CbG	Gene::55867
Compound::DB01245	CbG	Gene::1140
Compound::DB00273	CbG	Gene::1557
Compound::DB01169	CbG	Gene::5243
Compound::DB08987	CbG	Gene::6329
Compound::DB00363	CbG	Gene::3350
Compound::DB04786	CbG	Gene::5320
Compound::DB00842	CbG	Gene::100861540
Compound::DB01183	CbG	Gene::6579
Compound::DB00458	CbG	Gene::1557
Compound::DB00384	CbG	Gene::6339
Compound::DB00584	CbG	Gene::1636
Compound::DB00900	CbG	Gene::2030
Compound::DB00502	CbG	Gene::10682
Compound::DB01033	CbG	Gene::10057
Compound::DB00908	CbG	Gene::5243
Compound::DB01050	CbG	Gene::4363
Compound::DB01023	CbG	Gene::5153
Compound::DB00518	CbG	Gene::1576
Compound::DB00852	CbG	Gene::150
Compound::DB01041	CbG	Gene::1559
Compound::DB00694	CbG	Gene::368
Compound::DB08871	CbG	Gene::10383
Compound::DB01193	CbG	Gene::154
Compound::DB00825	CbG	Gene::8989
Compound::DB09009	CbG	Gene::6323
Compound::DB00907	CbG	Gene::1577
Compound::DB00779	CbG	Gene::9356
Compound::DB00246	CbG	Gene::150
Compound::DB00731	CbG	Gene::6833
Compound::DB08881	CbG	Gene::1576
Compound::DB00279	CbG	Gene::117247
Compound::DB00951	CbG	Gene::1576
Compound::DB01236	CbG	Gene::51305
Compound::DB01227	CbG	Gene::1588
Compound::DB00294	CbG	Gene::2099
Compound::DB01352	CbG	Gene::2556
Compound::DB01186	CbG	Gene::3358
Compound::DB08896	CbG	Gene::1558
Compound::DB01156	CbG	Gene::1576
Compound::DB00184	CbG	Gene::1557
Compound::DB01583	CbG	Gene::28234
Compound::DB00127	CbG	Gene::4953
Compound::DB00695	CbG	Gene::9376
Compound::DB00337	CbG	Gene::1576
Compound::DB00917	CbG	Gene::10057
Compound::DB01201	CbG	Gene::1559
Compound::DB04855	CbG	Gene::10021
Compound::DB00468	CbG	Gene::1571
Compound::DB08865	CbG	Gene::91
Compound::DB00818	CbG	Gene::54576
Compound::DB00787	CbG	Gene::6580
Compound::DB01156	CbG	Gene::1548
Compound::DB08896	CbG	Gene::3791
Compound::DB00896	CbG	Gene::2908
Compound::DB00589	CbG	Gene::3356
Compound::DB00737	CbG	Gene::1544
Compound::DB01254	CbG	Gene::2534
Compound::DB00196	CbG	Gene::1557
Compound::DB00273	CbG	Gene::2893
Compound::DB01353	CbG	Gene::2898
Compound::DB00205	CbG	Gene::1559
Compound::DB01254	CbG	Gene::5753
Compound::DB00328	CbG	Gene::368
Compound::DB01268	CbG	Gene::4215
Compound::DB01268	CbG	Gene::91807
Compound::DB01558	CbG	Gene::2568
Compound::DB01245	CbG	Gene::1134
Compound::DB01142	CbG	Gene::59340
Compound::DB00468	CbG	Gene::6584
Compound::DB01212	CbG	Gene::9376
Compound::DB01175	CbG	Gene::1557
Compound::DB06589	CbG	Gene::2324
Compound::DB00882	CbG	Gene::1583
Compound::DB01275	CbG	Gene::8639
Compound::DB08860	CbG	Gene::5004
Compound::DB00683	CbG	Gene::2557
Compound::DB01151	CbG	Gene::3269
Compound::DB06439	CbG	Gene::4023
Compound::DB00747	CbG	Gene::1133
Compound::DB01268	CbG	Gene::5585
Compound::DB04843	CbG	Gene::1128
Compound::DB00647	CbG	Gene::100861540
Compound::DB00818	CbG	Gene::2562
Compound::DB01320	CbG	Gene::1555
Compound::DB00997	CbG	Gene::4842
Compound::DB00694	CbG	Gene::4363
Compound::DB00696	CbG	Gene::3355
Compound::DB01161	CbG	Gene::116443
Compound::DB01219	CbG	Gene::6263
Compound::DB01268	CbG	Gene::6794
Compound::DB00795	CbG	Gene::5319
Compound::DB08911	CbG	Gene::1558
